accountId,beneficiaryId
1,79
2,183
3,334
4,640
5,360
6,405
7,885
8,866
9,276
10,980
11,821
12,694
13,652
14,573
15,934
16,400
17,151
18,750
19,657
20,261
21,181
22,691
23,669
24,58
25,917
26,410
27,217
28,321
29,282
30,370
31,804
32,136
33,328
34,203
35,578
36,895
37,726
38,640
39,294
40,695
41,252
42,400
43,583
44,243
45,554
46,554
47,903
48,909
49,628
50,75
51,872
52,645
53,954
54,62
55,119
56,260
57,722
58,842
59,989
60,279
61,270
62,720
63,650
64,616
65,29
66,544
67,772
68,194
69,604
70,953
71,241
72,911
73,929
74,392
75,223
76,486
77,881
78,517
79,201
80,942
81,88
82,145
83,990
84,817
85,214
86,784
87,576
88,134
89,317
90,602
91,342
92,322
93,602
94,569
95,487
96,78
97,469
98,961
99,11
100,43
101,11
102,365
103,756
104,248
105,19
106,603
107,271
108,288
109,605
110,902
111,590
112,989
113,345
114,320
115,297
116,811
117,492
118,841
119,132
120,32
121,368
122,544
123,955
124,371
125,920
126,831
127,571
128,703
129,48
130,186
131,474
132,449
133,495
134,209
135,336
136,958
137,21
138,900
139,177
140,83
141,655
142,879
143,742
144,902
145,655
146,128
147,721
148,933
149,33
150,275
151,478
152,424
153,203
154,518
155,400
156,378
157,273
158,243
159,220
160,188
161,409
162,954
163,552
164,373
165,93
166,447
167,770
168,704
169,77
170,806
171,873
172,429
173,444
174,54
175,14
176,788
177,734
178,85
179,986
180,13
181,412
182,93
183,348
184,109
185,888
186,24
187,89
188,122
189,245
190,415
191,691
192,241
193,94
194,214
195,269
196,983
197,120
198,652
199,796
200,351
201,619
202,498
203,615
204,69
205,9
206,280
207,219
208,570
209,766
210,918
211,777
212,262
213,492
214,347
215,253
216,951
217,400
218,427
219,18
220,45
221,832
222,527
223,404
224,425
225,254
226,811
227,608
228,394
229,438
230,242
231,224
232,487
233,487
234,74
235,396
236,105
237,930
238,893
239,618
240,91
241,265
242,443
243,556
244,640
245,463
246,20
247,321
248,636
249,244
250,465
251,233
252,311
253,475
254,68
255,86
256,188
257,26
258,912
259,48
260,906
261,183
262,251
263,669
264,585
265,782
266,212
267,933
268,22
269,924
270,465
271,492
272,675
273,332
274,9
275,450
276,551
277,279
278,79
279,986
280,70
281,715
282,939
283,23
284,47
285,332
286,800
287,245
288,898
289,772
290,220
291,610
292,48
293,299
294,563
295,621
296,686
297,510
298,770
299,235
300,68
301,294
302,805
303,770
304,324
305,657
306,221
307,423
308,548
309,819
310,783
311,359
312,986
313,699
314,209
315,297
316,34
317,37
318,108
319,985
320,387
321,768
322,759
323,872
324,62
325,504
326,859
327,595
328,703
329,37
330,288
331,994
332,649
333,26
334,662
335,181
336,571
337,744
338,627
339,110
340,614
341,355
342,928
343,946
344,210
345,855
346,815
347,554
348,402
349,727
350,827
351,993
352,235
353,314
354,481
355,919
356,386
357,92
358,380
359,544
360,601
361,16
362,894
363,641
364,543
365,85
366,989
367,152
368,483
369,864
370,338
371,190
372,819
373,633
374,677
375,154
376,116
377,788
378,9
379,591
380,769
381,542
382,194
383,704
384,953
385,73
386,35
387,754
388,972
389,387
390,383
391,759
392,388
393,994
394,560
395,81
396,198
397,751
398,899
399,491
400,215
401,818
402,260
403,277
404,778
405,220
406,272
407,490
408,793
409,439
410,756
411,646
412,873
413,340
414,708
415,121
416,188
417,868
418,820
419,786
420,550
421,848
422,220
423,739
424,97
425,679
426,401
427,96
428,933
429,601
430,557
431,640
432,986
433,551
434,999
435,107
436,476
437,289
438,945
439,94
440,194
441,626
442,351
443,348
444,488
445,248
446,314
447,775
448,752
449,46
450,134
451,153
452,144
453,136
454,215
455,321
456,23
457,444
458,187
459,816
460,588
461,745
462,995
463,796
464,571
465,235
466,104
467,464
468,780
469,31
470,550
471,991
472,79
473,518
474,740
475,403
476,353
477,935
478,649
479,401
480,383
481,832
482,319
483,773
484,126
485,781
486,282
487,665
488,779
489,662
490,643
491,115
492,491
493,658
494,85
495,635
496,157
497,5
498,264
499,643
500,630
501,90
502,368
503,970
504,893
505,987
506,273
507,738
508,766
509,726
510,606
511,796
512,464
513,13
514,345
515,839
516,683
517,743
518,921
519,444
520,594
521,712
522,194
523,533
524,575
525,162
526,214
527,924
528,126
529,389
530,320
531,378
532,57
533,526
534,510
535,996
536,404
537,404
538,247
539,572
540,880
541,40
542,368
543,702
544,670
545,315
546,633
547,845
548,231
549,336
550,823
551,990
552,214
553,185
554,760
555,899
556,695
557,614
558,140
559,509
560,356
561,416
562,396
563,678
564,797
565,511
566,150
567,726
568,72
569,860
570,321
571,273
572,421
573,814
574,363
575,101
576,508
577,970
578,704
579,672
580,840
581,740
582,694
583,223
584,824
585,771
586,933
587,621
588,108
589,17
590,51
591,396
592,869
593,810
594,495
595,600
596,619
597,144
598,992
599,579
600,708
601,262
602,518
603,882
604,981
605,839
606,198
607,291
608,402
609,132
610,423
611,929
612,386
613,87
614,479
615,44
616,152
617,115
618,443
619,873
620,510
621,471
622,314
623,921
624,553
625,651
626,164
627,617
628,2
629,798
630,543
631,921
632,916
633,108
634,15
635,111
636,615
637,737
638,319
639,800
640,444
641,685
642,606
643,178
644,996
645,818
646,801
647,637
648,853
649,852
650,161
651,251
652,62
653,775
654,140
655,623
656,546
657,739
658,74
659,695
660,297
661,640
662,505
663,264
664,654
665,437
666,758
667,457
668,852
669,874
670,229
671,8
672,992
673,648
674,968
675,878
676,19
677,497
678,522
679,425
680,791
681,323
682,102
683,4
684,764
685,510
686,872
687,104
688,781
689,544
690,723
691,553
692,434
693,220
694,45
695,273
696,831
697,650
698,501
699,670
700,468
701,927
702,604
703,252
704,534
705,82
706,330
707,87
708,984
709,317
710,969
711,734
712,144
713,247
714,36
715,586
716,260
717,957
718,133
719,390
720,121
721,765
722,232
723,706
724,621
725,141
726,335
727,876
728,242
729,712
730,260
731,582
732,665
733,393
734,436
735,884
736,285
737,686
738,905
739,841
740,799
741,249
742,84
743,144
744,28
745,49
746,392
747,493
748,149
749,286
750,552
751,811
752,219
753,316
754,423
755,691
756,16
757,929
758,375
759,499
760,684
761,498
762,941
763,319
764,346
765,647
766,6
767,291
768,706
769,316
770,910
771,52
772,873
773,392
774,131
775,192
776,159
777,599
778,508
779,47
780,111
781,74
782,903
783,958
784,831
785,283
786,993
787,249
788,667
789,693
790,160
791,912
792,712
793,698
794,867
795,492
796,432
797,386
798,422
799,808
800,337
801,940
802,931
803,91
804,727
805,623
806,747
807,75
808,496
809,375
810,35
811,169
812,544
813,92
814,599
815,231
816,508
817,428
818,285
819,586
820,507
821,630
822,430
823,372
824,522
825,331
826,31
827,410
828,31
829,898
830,60
831,798
832,668
833,949
834,560
835,670
836,851
837,250
838,117
839,788
840,307
841,862
842,747
843,558
844,820
845,449
846,528
847,670
848,522
849,422
850,878
851,978
852,213
853,464
854,935
855,251
856,377
857,200
858,409
859,945
860,513
861,289
862,150
863,176
864,121
865,993
866,102
867,116
868,99
869,446
870,804
871,879
872,512
873,236
874,624
875,723
876,271
877,315
878,295
879,624
880,453
881,492
882,541
883,258
884,956
885,554
886,411
887,39
888,356
889,791
890,62
891,382
892,119
893,1000
894,534
895,775
896,821
897,671
898,407
899,204
900,154
901,600
902,781
903,328
904,776
905,612
906,706
907,89
908,373
909,4
910,419
911,779
912,260
913,330
914,381
915,879
916,739
917,472
918,67
919,15
920,503
921,115
922,828
923,754
924,662
925,775
926,163
927,349
928,777
929,404
930,631
931,339
932,634
933,965
934,611
935,502
936,646
937,199
938,587
939,909
940,172
941,529
942,61
943,974
944,872
945,998
946,501
947,901
948,667
949,247
950,776
951,627
952,311
953,696
954,285
955,591
956,213
957,367
958,850
959,395
960,628
961,687
962,273
963,390
964,671
965,243
966,422
967,422
968,247
969,236
970,900
971,396
972,239
973,482
974,988
975,729
976,473
977,959
978,584
979,303
980,114
981,917
982,264
983,203
984,94
985,903
986,628
987,414
988,47
989,834
990,364
991,318
992,655
993,825
994,641
995,268
996,116
997,157
998,97
999,29
1000,24
1001,176
1002,539
1003,2
1004,418
1005,874
1006,540
1007,321
1008,973
1009,824
1010,963
1011,640
1012,479
1013,559
1014,306
1015,709
1016,928
1017,897
1018,438
1019,825
1020,795
1021,982
1022,482
1023,820
1024,868
1025,141
1026,408
1027,68
1028,39
1029,836
1030,246
1031,554
1032,188
1033,385
1034,504
1035,234
1036,316
1037,484
1038,663
1039,763
1040,180
1041,110
1042,278
1043,530
1044,527
1045,173
1046,525
1047,847
1048,110
1049,953
1050,679
1051,7
1052,421
1053,27
1054,403
1055,760
1056,417
1057,144
1058,271
1059,803
1060,394
1061,910
1062,227
1063,800
1064,788
1065,170
1066,421
1067,262
1068,315
1069,21
1070,662
1071,893
1072,968
1073,517
1074,557
1075,966
1076,86
1077,581
1078,25
1079,284
1080,866
1081,881
1082,240
1083,152
1084,459
1085,545
1086,8
1087,670
1088,603
1089,521
1090,895
1091,963
1092,259
1093,950
1094,155
1095,960
1096,690
1097,774
1098,568
1099,330
1100,587
1101,860
1102,70
1103,826
1104,19
1105,732
1106,517
1107,387
1108,506
1109,257
1110,899
1111,106
1112,974
1113,221
1114,947
1115,797
1116,530
1117,696
1118,362
1119,439
1120,553
1121,862
1122,151
1123,774
1124,830
1125,869
1126,641
1127,16
1128,730
1129,992
1130,755
1131,610
1132,854
1133,210
1134,766
1135,16
1136,746
1137,115
1138,634
1139,726
1140,422
1141,249
1142,293
1143,928
1144,346
1145,220
1146,931
1147,670
1148,415
1149,842
1150,411
1151,292
1152,330
1153,222
1154,411
1155,126
1156,106
1157,588
1158,580
1159,192
1160,157
1161,895
1162,896
1163,992
1164,1
1165,348
1166,996
1167,632
1168,84
1169,601
1170,631
1171,68
1172,176
1173,303
1174,998
1175,153
1176,390
1177,195
1178,147
1179,266
1180,643
1181,872
1182,633
1183,131
1184,293
1185,287
1186,806
1187,568
1188,194
1189,149
1190,976
1191,431
1192,893
1193,893
1194,859
1195,518
1196,94
1197,489
1198,461
1199,201
1200,703
1201,824
1202,177
1203,495
1204,263
1205,9
1206,442
1207,869
1208,33
1209,936
1210,428
1211,608
1212,458
1213,503
1214,203
1215,564
1216,279
1217,852
1218,855
1219,34
1220,861
1221,328
1222,259
1223,500
1224,107
1225,169
1226,112
1227,984
1228,505
1229,349
1230,835
1231,658
1232,681
1233,8
1234,247
1235,736
1236,228
1237,843
1238,661
1239,993
1240,989
1241,181
1242,564
1243,383
1244,272
1245,647
1246,946
1247,871
1248,401
1249,953
1250,172
1251,205
1252,469
1253,45
1254,716
1255,467
1256,856
1257,477
1258,29
1259,251
1260,248
1261,343
1262,158
1263,942
1264,581
1265,506
1266,599
1267,437
1268,498
1269,24
1270,180
1271,232
1272,525
1273,860
1274,328
1275,138
1276,909
1277,324
1278,241
1279,718
1280,600
1281,293
1282,165
1283,722
1284,266
1285,780
1286,95
1287,994
1288,923
1289,578
1290,989
1291,761
1292,913
1293,291
1294,189
1295,578
1296,340
1297,953
1298,808
1299,944
1300,313
1301,213
1302,537
1303,451
1304,393
1305,647
1306,304
1307,484
1308,768
1309,411
1310,293
1311,367
1312,56
1313,195
1314,446
1315,661
1316,993
1317,470
1318,540
1319,141
1320,978
1321,705
1322,156
1323,393
1324,674
1325,765
1326,515
1327,463
1328,451
1329,735
1330,641
1331,875
1332,294
1333,370
1334,566
1335,117
1336,187
1337,155
1338,208
1339,715
1340,533
1341,777
1342,105
1343,403
1344,13
1345,256
1346,126
1347,521
1348,807
1349,104
1350,297
1351,687
1352,527
1353,707
1354,224
1355,520
1356,89
1357,481
1358,637
1359,350
1360,348
1361,947
1362,323
1363,216
1364,221
1365,282
1366,802
1367,236
1368,939
1369,293
1370,525
1371,439
1372,957
1373,79
1374,926
1375,769
1376,223
1377,376
1378,951
1379,29
1380,796
1381,635
1382,575
1383,66
1384,680
1385,972
1386,98
1387,997
1388,119
1389,883
1390,992
1391,451
1392,171
1393,561
1394,650
1395,499
1396,608
1397,307
1398,23
1399,618
1400,887
1401,619
1402,948
1403,319
1404,776
1405,209
1406,427
1407,980
1408,29
1409,834
1410,391
1411,662
1412,367
1413,305
1414,106
1415,882
1416,621
1417,532
1418,885
1419,300
1420,529
1421,750
1422,857
1423,200
1424,119
1425,636
1426,982
1427,258
1428,691
1429,555
1430,904
1431,405
1432,788
1433,5
1434,451
1435,822
1436,598
1437,468
1438,390
1439,370
1440,970
1441,658
1442,9
1443,682
1444,311
1445,2
1446,20
1447,957
1448,569
1449,389
1450,869
1451,392
1452,538
1453,860
1454,592
1455,216
1456,324
1457,941
1458,206
1459,646
1460,926
1461,650
1462,584
1463,423
1464,597
1465,744
1466,531
1467,388
1468,774
1469,414
1470,329
1471,97
1472,567
1473,100
1474,638
1475,653
1476,218
1477,566
1478,907
1479,51
1480,832
1481,562
1482,608
1483,284
1484,950
1485,888
1486,692
1487,117
1488,602
1489,503
1490,93
1491,220
1492,485
1493,957
1494,542
1495,262
1496,541
1497,610
1498,226
1499,545
1500,996
1501,698
1502,131
1503,920
1504,388
1505,633
1506,441
1507,179
1508,456
1509,809
1510,2
1511,733
1512,160
1513,678
1514,691
1515,618
1516,129
1517,138
1518,26
1519,983
1520,860
1521,216
1522,486
1523,21
1524,156
1525,406
1526,432
1527,341
1528,888
1529,354
1530,275
1531,331
1532,719
1533,617
1534,37
1535,160
1536,393
1537,391
1538,527
1539,564
1540,158
1541,510
1542,308
1543,578
1544,765
1545,668
1546,776
1547,184
1548,402
1549,646
1550,282
1551,235
1552,304
1553,93
1554,368
1555,303
1556,688
1557,915
1558,290
1559,101
1560,254
1561,44
1562,12
1563,812
1564,625
1565,465
1566,682
1567,779
1568,522
1569,77
1570,48
1571,860
1572,666
1573,32
1574,652
1575,703
1576,798
1577,779
1578,727
1579,787
1580,826
1581,120
1582,448
1583,365
1584,625
1585,778
1586,250
1587,874
1588,229
1589,196
1590,11
1591,106
1592,479
1593,516
1594,923
1595,663
1596,639
1597,56
1598,838
1599,507
1600,260
1601,205
1602,626
1603,466
1604,571
1605,635
1606,54
1607,253
1608,558
1609,5
1610,747
1611,921
1612,266
1613,757
1614,997
1615,226
1616,427
1617,841
1618,174
1619,16
1620,617
1621,517
1622,943
1623,585
1624,613
1625,873
1626,195
1627,432
1628,451
1629,557
1630,60
1631,504
1632,968
1633,995
1634,532
1635,493
1636,792
1637,759
1638,367
1639,4
1640,61
1641,882
1642,607
1643,336
1644,621
1645,898
1646,517
1647,853
1648,147
1649,94
1650,396
1651,886
1652,513
1653,801
1654,946
1655,214
1656,949
1657,886
1658,717
1659,712
1660,203
1661,858
1662,247
1663,725
1664,223
1665,336
1666,420
1667,485
1668,451
1669,727
1670,217
1671,479
1672,957
1673,822
1674,673
1675,147
1676,988
1677,908
1678,712
1679,601
1680,179
1681,298
1682,781
1683,451
1684,173
1685,944
1686,380
1687,524
1688,502
1689,85
1690,474
1691,809
1692,308
1693,843
1694,706
1695,488
1696,824
1697,639
1698,478
1699,403
1700,284
1701,693
1702,924
1703,141
1704,468
1705,509
1706,550
1707,573
1708,950
1709,458
1710,263
1711,252
1712,515
1713,360
1714,796
1715,285
1716,639
1717,407
1718,220
1719,74
1720,658
1721,148
1722,25
1723,451
1724,843
1725,252
1726,94
1727,130
1728,914
1729,397
1730,274
1731,89
1732,922
1733,231
1734,89
1735,471
1736,852
1737,46
1738,922
1739,369
1740,283
1741,689
1742,108
1743,735
1744,633
1745,400
1746,281
1747,472
1748,785
1749,354
1750,159
1751,27
1752,558
1753,443
1754,43
1755,668
1756,431
1757,510
1758,54
1759,989
1760,697
1761,206
1762,305
1763,358
1764,142
1765,224
1766,378
1767,547
1768,214
1769,745
1770,691
1771,814
1772,754
1773,535
1774,765
1775,214
1776,741
1777,201
1778,429
1779,507
1780,321
1781,381
1782,625
1783,155
1784,972
1785,279
1786,567
1787,492
1788,149
1789,714
1790,753
1791,724
1792,721
1793,980
1794,835
1795,741
1796,245
1797,235
1798,493
1799,137
1800,973